keyword,display
abgeordnete,abgeordnete
antifas,antifa
demo,demonstration
demokratie,demokratie
deutschland,deutschland
drohungen,drohungen
elnet,elnet
familienunternehmer,familienunternehmer
fans,fans
generation,generation
gewalt,gewalt
gießen,gießen
jugend,jugend
literaturpolitik,literatur
mobilisierungsstrategien,mobilisierung
narrative,narrativ
protest,protest
proteste,protest
prüfung,prüfung
verband,verband
verbot,verbot
verbotsverfahrens,verbot
gewalttat,gewalt
limburg,limburg
nova,nova
demoverbotszone,demonstration
netzwerk,netzwerk
düsseldorf,düsseldorf
georgian,georgia
auto,auto
blockade,blockade
blood,blood
radikalität,radikalität
jugendorganisation,jugend
bürgergeld,bürgergeld
reform,reform
frankfurter,frankfurter
polizeirevier,polizeirevier
übergriffe,übergriffe
asse,asse
atommüll,atommüll
czernohorszky,czernohorszky
hoffnung,hoffnung
boulgarides,boulgarides
polizeigewalt,polizeigewalt
szene,szene
tattoo,tattoo
bundesverteidigungsministeriums,verteidigungsministerium
justiz,justiz
brandau,brandau
munition,munition
bundeswehr,bundeswehr
chemnitz,chemnitz
dokumentationszentrum,dokumentationszentrum
spanien,spanien
durchsuchungen,durchsuchung
zschäpe,zschäpe
prozess,prozess
lübcke,lübcke
statue,statue
angriff,angriff
cottbus,cottbus
jugendclub,jugendclub
demonstranten,demonstration
bürgerkriegs,bürgerkrieg
merz,merz
stadtbild,stadtbild
dobrindt,dobrindt
politische,politische
medien,medien
femizids,femizid
guttenberg,guttenberg
bundeswirtschaftsministerium,wirtschaftsministerium
digital,digital
bauernverband,bauernverband
landvolk,landvolk
landwirten,landwirtschaft
abu,abu
dhabi,dhabi
rechtsanwältin,justiz
kunstaktion,kunst
mahnmal,mahnmal
zentrum,zentrum
parolen,parolen
denkfabrik,denkfabrik
frauen,frauen
aula,aula
neonazis,neonazis
antifaschismus,antifa
faschismus,faschismus
klimagerechtigkeit,klimagerechtigkeit
wahl,wahl
berlin,berlin
ermittler,ermittler
aktivisten,aktivismus
milliardäre,reichtum
superreichen,reichtum
isegrim,isegrim
bautzen,bautzen
anatomie,anatomie
assad,assad
amazon,amazon
erfurt,erfurt
lager,lager
afghanistan,afghanistan
taliban,taliban
abschiebeoffensive,abschiebung
arbeiter,arbeiter
generationenkonflikt,generationen
asylverfahren,asylrecht
commission,commission
european,europa
freiheit,freiheit
polizeigesetz,polizeigesetz
abstimmung,abstimmung
ramelow,ramelow
verkehrssimulation,verkehr
armutsforscher,armut
reichtumsbericht,reichtum
armuts,armut
damascus,damascus
brüssel,brüssel
antisemitismusbeauftragte,antisemitismusbeauftragte
becker,becker
ditfurth,ditfurth
amadeu,amadeu
europa,europa
parteien,parteien
anklagen,anklagen
bilder,bilder
ende,ende
friedensplan,friedensplan
jared,jared
kushner,kushner
totalsanktionen,totalsanktionen
union,union
millionenstrafe,millionenstrafe
abgeordneten,abgeordneten
friedrich,friedrich
kanzler,kanzler
ballermanngeschäft,ballermanngeschäft
entführungsplan,entführungsplan
finstere,finstere
migrationspolitik,migrationspolitik
verschärfung,verschärfung
bundestag,bundestag
polizei,polizei
antiziganismus,antiziganismus
aufarbeitung,aufarbeitung
abschiebehäftlinge,abschiebehäftlinge
anspruch,anspruch
pflichtanwalt,pflichtanwalt
images,images
neuformierung,neuformierung
absturz,absturz
bohlen,bohlen
dieter,dieter
elon,elon
musk,musk
verbrenner,verbrenner
definition,definition
dennoch,dennoch
schutzhülle,schutzhülle
tschernobyl,tschernobyl
atomkraftwerks,atomkraftwerks
abgeordnetenhaus,abgeordnetenhaus
geld,geld
weihnachten,weihnachten
aktiver,aktiver
aktivismus,aktivismus
anwalt,anwalt
extreme,extreme
familie,familie
gerechtigkeit,gerechtigkeit
anfeindungen,anfeindungen
empfehlungen,empfehlungen
handreichung,handreichung
linartas,linartas
zentrale,zentrale
angriffe,angriffe
behörden,behörden
deutschlands,deutschlands
sicherheitsstrategie,sicherheitsstrategie
rendsburg,rendsburg
ablehnung,ablehnung
intelligenz,intelligenz
abgesang,abgesang
anschlags,anschlags
august,august
bühne,bühne
journalisten,journalisten
delegation,delegation
ministerien,ministerien
zuwanderer,zuwanderer
rechtsextremismus,rechtsextremismus
angst,angst
geburtstagsfeier,geburtstagsfeier
erfolg,erfolg
gutachten,gutachten
weihnachtsbonus,weihnachtsbonus
ergotherapeut,ergotherapeut
nazitreffen,nazitreffen
nütz,nütz
palantir,palantir
risiken,risiken
schweiz,schweiz
beschleunigte,beschleunigte
claudia,claudia
antisemitismus,antisemitismus
autoritär,autoritär
ex,ex
bezüge,bezüge
frenck,frenck
gastwirt,gastwirt
neonazi,neonazi
ab,ab
oligarchen,oligarchen
bundesregierung,bundesregierung
macht,macht
lieferkettengesetz,lieferkettengesetz
großunternehmen,großunternehmen
menschenrechte,menschenrechte
antifaschisten,antifaschisten
gegenteil,gegenteil
tommy,tommy
lausanner,lausanner
chat,chat
gabriel,gabriel
identitären,identitären
verfassungsschutz,verfassungsschutz
befugnisse,befugnisse
geheimdienste,geheimdienste
barrera,barrera
bochum,bochum
gonzalez,gonzalez
grabschmuck,grabschmuck
gedenken,gedenken
wohnprojekt,wohnprojekt
bank,bank
deutsche,deutsche
alexander,alexander
anhalt,anhalt
sachsen,sachsen
menschen,menschen
arten,arten
forscher,forscher
linda,linda
ortskräfte,ortskräfte
afghanen,afghanen
afghanische,afghanische
studie,studie
autorin,autorin
co,co
artikel,artikel
bücher,bücher
gesellschaft,gesellschaft
informationskriegsführung,informationskriegsführung
konzepte,konzepte
russische,russische
